order_status,total_orders,total_sales
COMPLETE,21716,10859271.729999078
PENDING_PAYMENT,14382,7286275.63639433
PROCESSING,7901,4051380.7727581467
PENDING,7321,3704456.227556264
CLOSED,7249,3617466.847059986
ON_HOLD,3624,1780237.698776325
SUSPECTED_FRAUD,1488,741492.317583312
CANCELED,1367,668244.986689259
PAYMENT_REVIEW,704,345576.163399914
